"bno";"mod_date";"regdate";"title";"content";"user_info"
1;"2023-09-15 22:54:23.769092";"2023-09-15 22:54:23.769092";"Title1";"Content...1";"aaa1@t.com"
2;"2023-09-15 22:54:23.784287";"2023-09-15 22:54:23.784287";"Title2";"Content...2";"aaa2@t.com"
3;"2023-09-15 22:54:23.790217";"2023-09-15 22:54:23.790217";"Title3";"Content...3";"aaa3@t.com"
4;"2023-09-15 22:54:23.796057";"2023-09-15 22:54:23.796057";"Title4";"Content...4";"aaa4@t.com"
5;"2023-09-15 22:54:23.801021";"2023-09-15 22:54:23.801021";"Title5";"Content...5";"aaa5@t.com"
6;"2023-09-15 22:54:23.804910";"2023-09-15 22:54:23.804910";"Title6";"Content...6";"aaa6@t.com"
7;"2023-09-15 22:54:23.809435";"2023-09-15 22:54:23.809435";"Title7";"Content...7";"aaa7@t.com"
8;"2023-09-15 22:54:23.814301";"2023-09-15 22:54:23.814301";"Title8";"Content...8";"aaa8@t.com"
9;"2023-09-15 22:54:23.819245";"2023-09-15 22:54:23.819245";"Title9";"Content...9";"aaa9@t.com"
10;"2023-09-15 22:54:23.823142";"2023-09-15 22:54:23.823142";"Title10";"Content...10";"aaa10@t.com"
11;"2023-09-15 22:54:23.828043";"2023-09-15 22:54:23.828043";"Title11";"Content...11";"aaa11@t.com"
12;"2023-09-15 22:54:23.834043";"2023-09-15 22:54:23.834043";"Title12";"Content...12";"aaa12@t.com"
13;"2023-09-15 22:54:23.838991";"2023-09-15 22:54:23.838991";"Title13";"Content...13";"aaa13@t.com"
14;"2023-09-15 22:54:23.843145";"2023-09-15 22:54:23.843145";"Title14";"Content...14";"aaa14@t.com"
15;"2023-09-15 22:54:23.848050";"2023-09-15 22:54:23.848050";"Title15";"Content...15";"aaa15@t.com"
16;"2023-09-15 22:54:23.852965";"2023-09-15 22:54:23.852965";"Title16";"Content...16";"aaa16@t.com"
17;"2023-09-15 22:54:23.858366";"2023-09-15 22:54:23.858366";"Title17";"Content...17";"aaa17@t.com"
18;"2023-09-15 22:54:23.863255";"2023-09-15 22:54:23.863255";"Title18";"Content...18";"aaa18@t.com"
19;"2023-09-15 22:54:23.867150";"2023-09-15 22:54:23.867150";"Title19";"Content...19";"aaa19@t.com"
20;"2023-09-15 22:54:23.872078";"2023-09-15 22:54:23.872078";"Title20";"Content...20";"aaa20@t.com"
21;"2023-09-15 22:54:23.876941";"2023-09-15 22:54:23.876941";"Title21";"Content...21";"aaa21@t.com"
22;"2023-09-15 22:54:23.883154";"2023-09-15 22:54:23.883154";"Title22";"Content...22";"aaa22@t.com"
23;"2023-09-15 22:54:23.889086";"2023-09-15 22:54:23.889086";"Title23";"Content...23";"aaa23@t.com"
24;"2023-09-15 22:54:23.894069";"2023-09-15 22:54:23.894069";"Title24";"Content...24";"aaa24@t.com"
25;"2023-09-15 22:54:23.900229";"2023-09-15 22:54:23.900229";"Title25";"Content...25";"aaa25@t.com"
26;"2023-09-15 22:54:23.908052";"2023-09-15 22:54:23.908052";"Title26";"Content...26";"aaa26@t.com"
27;"2023-09-15 22:54:23.916191";"2023-09-15 22:54:23.916191";"Title27";"Content...27";"aaa27@t.com"
28;"2023-09-15 22:54:23.923170";"2023-09-15 22:54:23.923170";"Title28";"Content...28";"aaa28@t.com"
29;"2023-09-15 22:54:23.930045";"2023-09-15 22:54:23.930045";"Title29";"Content...29";"aaa29@t.com"
30;"2023-09-15 22:54:23.934913";"2023-09-15 22:54:23.934913";"Title30";"Content...30";"aaa30@t.com"
31;"2023-09-15 22:54:23.940371";"2023-09-15 22:54:23.940371";"Title31";"Content...31";"aaa31@t.com"
32;"2023-09-15 22:54:23.947186";"2023-09-15 22:54:23.947186";"Title32";"Content...32";"aaa32@t.com"
33;"2023-09-15 22:54:23.955255";"2023-09-15 22:54:23.955255";"Title33";"Content...33";"aaa33@t.com"
34;"2023-09-15 22:54:23.962125";"2023-09-15 22:54:23.962125";"Title34";"Content...34";"aaa34@t.com"
35;"2023-09-15 22:54:23.967391";"2023-09-15 22:54:23.967391";"Title35";"Content...35";"aaa35@t.com"
36;"2023-09-15 22:54:23.973679";"2023-09-15 22:54:23.973679";"Title36";"Content...36";"aaa36@t.com"
37;"2023-09-15 22:54:23.979147";"2023-09-15 22:54:23.979147";"Title37";"Content...37";"aaa37@t.com"
38;"2023-09-15 22:54:23.983409";"2023-09-15 22:54:23.983409";"Title38";"Content...38";"aaa38@t.com"
39;"2023-09-15 22:54:23.989328";"2023-09-15 22:54:23.989328";"Title39";"Content...39";"aaa39@t.com"
40;"2023-09-15 22:54:23.994194";"2023-09-15 22:54:23.994194";"Title40";"Content...40";"aaa40@t.com"
41;"2023-09-15 22:54:23.999150";"2023-09-15 22:54:23.999150";"Title41";"Content...41";"aaa41@t.com"
42;"2023-09-15 22:54:24.003101";"2023-09-15 22:54:24.003101";"Title42";"Content...42";"aaa42@t.com"
43;"2023-09-15 22:54:24.008069";"2023-09-15 22:54:24.008069";"Title43";"Content...43";"aaa43@t.com"
44;"2023-09-15 22:54:24.012941";"2023-09-15 22:54:24.012941";"Title44";"Content...44";"aaa44@t.com"
45;"2023-09-15 22:54:24.018420";"2023-09-15 22:54:24.018420";"Title45";"Content...45";"aaa45@t.com"
46;"2023-09-15 22:54:24.023291";"2023-09-15 22:54:24.023291";"Title46";"Content...46";"aaa46@t.com"
47;"2023-09-15 22:54:24.027184";"2023-09-15 22:54:24.027184";"Title47";"Content...47";"aaa47@t.com"
48;"2023-09-15 22:54:24.032161";"2023-09-15 22:54:24.032161";"Title48";"Content...48";"aaa48@t.com"
49;"2023-09-15 22:54:24.036973";"2023-09-15 22:54:24.036973";"Title49";"Content...49";"aaa49@t.com"
50;"2023-09-15 22:54:24.041894";"2023-09-15 22:54:24.041894";"Title50";"Content...50";"aaa50@t.com"
51;"2023-09-15 22:54:24.046761";"2023-09-15 22:54:24.046761";"Title51";"Content...51";"aaa51@t.com"
52;"2023-09-15 22:54:24.050766";"2023-09-15 22:54:24.050766";"Title52";"Content...52";"aaa52@t.com"
53;"2023-09-15 22:54:24.055628";"2023-09-15 22:54:24.055628";"Title53";"Content...53";"aaa53@t.com"
54;"2023-09-15 22:54:24.060226";"2023-09-15 22:54:24.060226";"Title54";"Content...54";"aaa54@t.com"
55;"2023-09-15 22:54:24.069083";"2023-09-15 22:54:24.069083";"Title55";"Content...55";"aaa55@t.com"
56;"2023-09-15 22:54:24.074925";"2023-09-15 22:54:24.074925";"Title56";"Content...56";"aaa56@t.com"
57;"2023-09-15 22:54:24.081736";"2023-09-15 22:54:24.081736";"Title57";"Content...57";"aaa57@t.com"
58;"2023-09-15 22:54:24.086604";"2023-09-15 22:54:24.086604";"Title58";"Content...58";"aaa58@t.com"
59;"2023-09-15 22:54:24.092274";"2023-09-15 22:54:24.092274";"Title59";"Content...59";"aaa59@t.com"
60;"2023-09-15 22:54:24.097145";"2023-09-15 22:54:24.097145";"Title60";"Content...60";"aaa60@t.com"
61;"2023-09-15 22:54:24.102203";"2023-09-15 22:54:24.102203";"Title61";"Content...61";"aaa61@t.com"
62;"2023-09-15 22:54:24.108075";"2023-09-15 22:54:24.108075";"Title62";"Content...62";"aaa62@t.com"
63;"2023-09-15 22:54:24.112972";"2023-09-15 22:54:24.112972";"Title63";"Content...63";"aaa63@t.com"
64;"2023-09-15 22:54:24.118442";"2023-09-15 22:54:24.118442";"Title64";"Content...64";"aaa64@t.com"
65;"2023-09-15 22:54:24.124287";"2023-09-15 22:54:24.124287";"Title65";"Content...65";"aaa65@t.com"
66;"2023-09-15 22:54:24.129229";"2023-09-15 22:54:24.129229";"Title66";"Content...66";"aaa66@t.com"
67;"2023-09-15 22:54:24.134095";"2023-09-15 22:54:24.134095";"Title67";"Content...67";"aaa67@t.com"
68;"2023-09-15 22:54:24.139065";"2023-09-15 22:54:24.139065";"Title68";"Content...68";"aaa68@t.com"
69;"2023-09-15 22:54:24.144171";"2023-09-15 22:54:24.144171";"Title69";"Content...69";"aaa69@t.com"
70;"2023-09-15 22:54:24.151070";"2023-09-15 22:54:24.151070";"Title70";"Content...70";"aaa70@t.com"
71;"2023-09-15 22:54:24.155939";"2023-09-15 22:54:24.155939";"Title71";"Content...71";"aaa71@t.com"
72;"2023-09-15 22:54:24.160749";"2023-09-15 22:54:24.160749";"Title72";"Content...72";"aaa72@t.com"
73;"2023-09-15 22:54:24.166590";"2023-09-15 22:54:24.166590";"Title73";"Content...73";"aaa73@t.com"
74;"2023-09-15 22:54:24.172085";"2023-09-15 22:54:24.172085";"Title74";"Content...74";"aaa74@t.com"
75;"2023-09-15 22:54:24.176952";"2023-09-15 22:54:24.176952";"Title75";"Content...75";"aaa75@t.com"
76;"2023-09-15 22:54:24.180906";"2023-09-15 22:54:24.180906";"Title76";"Content...76";"aaa76@t.com"
77;"2023-09-15 22:54:24.185826";"2023-09-15 22:54:24.185826";"Title77";"Content...77";"aaa77@t.com"
78;"2023-09-15 22:54:24.190268";"2023-09-15 22:54:24.190268";"Title78";"Content...78";"aaa78@t.com"
79;"2023-09-15 22:54:24.195139";"2023-09-15 22:54:24.195139";"Title79";"Content...79";"aaa79@t.com"
80;"2023-09-15 22:54:24.199136";"2023-09-15 22:54:24.199136";"Title80";"Content...80";"aaa80@t.com"
81;"2023-09-15 22:54:24.204049";"2023-09-15 22:54:24.204049";"Title81";"Content...81";"aaa81@t.com"
82;"2023-09-15 22:54:24.208044";"2023-09-15 22:54:24.208044";"Title82";"Content...82";"aaa82@t.com"
83;"2023-09-15 22:54:24.212251";"2023-09-15 22:54:24.212251";"Title83";"Content...83";"aaa83@t.com"
84;"2023-09-15 22:54:24.217114";"2023-09-15 22:54:24.217114";"Title84";"Content...84";"aaa84@t.com"
85;"2023-09-15 22:54:24.221421";"2023-09-15 22:54:24.221421";"Title85";"Content...85";"aaa85@t.com"
86;"2023-09-15 22:54:24.226287";"2023-09-15 22:54:24.226287";"Title86";"Content...86";"aaa86@t.com"
87;"2023-09-15 22:54:24.231208";"2023-09-15 22:54:24.231208";"Title87";"Content...87";"aaa87@t.com"
88;"2023-09-15 22:54:24.235105";"2023-09-15 22:54:24.235105";"Title88";"Content...88";"aaa88@t.com"
89;"2023-09-15 22:54:24.240026";"2023-09-15 22:54:24.240026";"Title89";"Content...89";"aaa89@t.com"
90;"2023-09-15 22:54:24.243923";"2023-09-15 22:54:24.243923";"Title90";"Content...90";"aaa90@t.com"
91;"2023-09-15 22:54:24.248358";"2023-09-15 22:54:24.248358";"Title91";"Content...91";"aaa91@t.com"
92;"2023-09-15 22:54:24.252295";"2023-09-15 22:54:24.252295";"Title92";"Content...92";"aaa92@t.com"
93;"2023-09-15 22:54:24.257160";"2023-09-15 22:54:24.257160";"Title93";"Content...93";"aaa93@t.com"
94;"2023-09-15 22:54:24.262476";"2023-09-15 22:54:24.262476";"Title94";"Content...94";"aaa94@t.com"
95;"2023-09-15 22:54:24.266502";"2023-09-15 22:54:24.266502";"Title95";"Content...95";"aaa95@t.com"
96;"2023-09-15 22:54:24.271159";"2023-09-15 22:54:24.271159";"Title96";"Content...96";"aaa96@t.com"
97;"2023-09-15 22:54:24.275049";"2023-09-15 22:54:24.275049";"Title97";"Content...97";"aaa97@t.com"
98;"2023-09-15 22:54:24.280274";"2023-09-15 22:54:24.280274";"Title98";"Content...98";"aaa98@t.com"
99;"2023-09-15 22:54:24.285144";"2023-09-15 22:54:24.285144";"Title99";"Content...99";"aaa99@t.com"
100;"2023-09-15 22:54:24.290090";"2023-09-15 22:54:24.290090";"Title100";"Content...100";"aaa100@t.com"
102;"2023-11-09 17:57:55.435134";"2023-11-09 17:57:55.435134";"createtest1";"createtest1";"create1@t.com"
103;"2023-11-14 19:27:30.252487";"2023-11-09 18:27:50.742555";"aaa103update";"updatedas";"aaa103@t.com"
