"mod_date";"regdate";"password";"user_name";"user_email"
"2023-09-15 22:54:23.761230";"2023-09-15 22:54:23.761230";"password100";"aaa100";"aaa100@t.com"
"2023-11-09 18:27:50.746045";"2023-11-09 18:27:50.746045";"aaa103";"aaa103";"aaa103@t.com"
"2023-09-15 22:54:23.195188";"2023-09-15 22:54:23.195188";"password10";"aaa10";"aaa10@t.com"
"2023-09-15 22:54:23.200784";"2023-09-15 22:54:23.200784";"password11";"aaa11";"aaa11@t.com"
"2023-09-15 22:54:23.206625";"2023-09-15 22:54:23.206625";"password12";"aaa12";"aaa12@t.com"
"2023-09-15 22:54:23.212046";"2023-09-15 22:54:23.212046";"password13";"aaa13";"aaa13@t.com"
"2023-09-15 22:54:23.216913";"2023-09-15 22:54:23.216913";"password14";"aaa14";"aaa14@t.com"
"2023-09-15 22:54:23.223343";"2023-09-15 22:54:23.223343";"password15";"aaa15";"aaa15@t.com"
"2023-09-15 22:54:23.229243";"2023-09-15 22:54:23.229243";"password16";"aaa16";"aaa16@t.com"
"2023-09-15 22:54:23.235085";"2023-09-15 22:54:23.235085";"password17";"aaa17";"aaa17@t.com"
"2023-09-15 22:54:23.241252";"2023-09-15 22:54:23.241252";"password18";"aaa18";"aaa18@t.com"
"2023-09-15 22:54:23.246120";"2023-09-15 22:54:23.246120";"password19";"aaa19";"aaa19@t.com"
"2023-09-15 22:54:23.081154";"2023-09-15 22:54:23.081154";"password1";"aaa1";"aaa1@t.com"
"2023-09-15 22:54:23.252025";"2023-09-15 22:54:23.252025";"password20";"aaa20";"aaa20@t.com"
"2023-09-15 22:54:23.259541";"2023-09-15 22:54:23.259541";"password21";"aaa21";"aaa21@t.com"
"2023-09-15 22:54:23.267079";"2023-09-15 22:54:23.267079";"password22";"aaa22";"aaa22@t.com"
"2023-09-15 22:54:23.272985";"2023-09-15 22:54:23.272985";"password23";"aaa23";"aaa23@t.com"
"2023-09-15 22:54:23.280355";"2023-09-15 22:54:23.280355";"password24";"aaa24";"aaa24@t.com"
"2023-09-15 22:54:23.288175";"2023-09-15 22:54:23.288175";"password25";"aaa25";"aaa25@t.com"
"2023-09-15 22:54:23.297177";"2023-09-15 22:54:23.297177";"password26";"aaa26";"aaa26@t.com"
"2023-09-15 22:54:23.305202";"2023-09-15 22:54:23.305202";"password27";"aaa27";"aaa27@t.com"
"2023-09-15 22:54:23.311377";"2023-09-15 22:54:23.311377";"password28";"aaa28";"aaa28@t.com"
"2023-09-15 22:54:23.318303";"2023-09-15 22:54:23.318303";"password29";"aaa29";"aaa29@t.com"
"2023-09-15 22:54:23.133076";"2023-09-15 22:54:23.133076";"password2";"aaa2";"aaa2@t.com"
"2023-09-15 22:54:23.325121";"2023-09-15 22:54:23.325121";"password30";"aaa30";"aaa30@t.com"
"2023-09-15 22:54:23.331183";"2023-09-15 22:54:23.331183";"password31";"aaa31";"aaa31@t.com"
"2023-09-15 22:54:23.337023";"2023-09-15 22:54:23.337023";"password32";"aaa32";"aaa32@t.com"
"2023-09-15 22:54:23.343905";"2023-09-15 22:54:23.343905";"password33";"aaa33";"aaa33@t.com"
"2023-09-15 22:54:23.351322";"2023-09-15 22:54:23.351322";"password34";"aaa34";"aaa34@t.com"
"2023-09-15 22:54:23.360164";"2023-09-15 22:54:23.360164";"password35";"aaa35";"aaa35@t.com"
"2023-09-15 22:54:23.366979";"2023-09-15 22:54:23.366979";"password36";"aaa36";"aaa36@t.com"
"2023-09-15 22:54:23.373653";"2023-09-15 22:54:23.373653";"password37";"aaa37";"aaa37@t.com"
"2023-09-15 22:54:23.380276";"2023-09-15 22:54:23.380276";"password38";"aaa38";"aaa38@t.com"
"2023-09-15 22:54:23.386116";"2023-09-15 22:54:23.386116";"password39";"aaa39";"aaa39@t.com"
"2023-09-15 22:54:23.153163";"2023-09-15 22:54:23.153163";"password3";"aaa3";"aaa3@t.com"
"2023-09-15 22:54:23.393031";"2023-09-15 22:54:23.393031";"password40";"aaa40";"aaa40@t.com"
"2023-09-15 22:54:23.398434";"2023-09-15 22:54:23.398434";"password41";"aaa41";"aaa41@t.com"
"2023-09-15 22:54:23.404298";"2023-09-15 22:54:23.404298";"password42";"aaa42";"aaa42@t.com"
"2023-09-15 22:54:23.410213";"2023-09-15 22:54:23.410213";"password43";"aaa43";"aaa43@t.com"
"2023-09-15 22:54:23.416053";"2023-09-15 22:54:23.416053";"password44";"aaa44";"aaa44@t.com"
"2023-09-15 22:54:23.422386";"2023-09-15 22:54:23.422386";"password45";"aaa45";"aaa45@t.com"
"2023-09-15 22:54:23.428258";"2023-09-15 22:54:23.428258";"password46";"aaa46";"aaa46@t.com"
"2023-09-15 22:54:23.438061";"2023-09-15 22:54:23.438061";"password47";"aaa47";"aaa47@t.com"
"2023-09-15 22:54:23.444285";"2023-09-15 22:54:23.444285";"password48";"aaa48";"aaa48@t.com"
"2023-09-15 22:54:23.449228";"2023-09-15 22:54:23.449228";"password49";"aaa49";"aaa49@t.com"
"2023-09-15 22:54:23.160053";"2023-09-15 22:54:23.160053";"password4";"aaa4";"aaa4@t.com"
"2023-09-15 22:54:23.455255";"2023-09-15 22:54:23.455255";"password50";"aaa50";"aaa50@t.com"
"2023-09-15 22:54:23.461180";"2023-09-15 22:54:23.461180";"password51";"aaa51";"aaa51@t.com"
"2023-09-15 22:54:23.467020";"2023-09-15 22:54:23.467020";"password52";"aaa52";"aaa52@t.com"
"2023-09-15 22:54:23.472943";"2023-09-15 22:54:23.472943";"password53";"aaa53";"aaa53@t.com"
"2023-09-15 22:54:23.479401";"2023-09-15 22:54:23.479401";"password54";"aaa54";"aaa54@t.com"
"2023-09-15 22:54:23.485241";"2023-09-15 22:54:23.485241";"password55";"aaa55";"aaa55@t.com"
"2023-09-15 22:54:23.492117";"2023-09-15 22:54:23.492117";"password56";"aaa56";"aaa56@t.com"
"2023-09-15 22:54:23.498995";"2023-09-15 22:54:23.498995";"password57";"aaa57";"aaa57@t.com"
"2023-09-15 22:54:23.505264";"2023-09-15 22:54:23.505264";"password58";"aaa58";"aaa58@t.com"
"2023-09-15 22:54:23.512422";"2023-09-15 22:54:23.512422";"password59";"aaa59";"aaa59@t.com"
"2023-09-15 22:54:23.165897";"2023-09-15 22:54:23.165897";"password5";"aaa5";"aaa5@t.com"
"2023-09-15 22:54:23.518294";"2023-09-15 22:54:23.518294";"password60";"aaa60";"aaa60@t.com"
"2023-09-15 22:54:23.524162";"2023-09-15 22:54:23.524162";"password61";"aaa61";"aaa61@t.com"
"2023-09-15 22:54:23.530292";"2023-09-15 22:54:23.530292";"password62";"aaa62";"aaa62@t.com"
"2023-09-15 22:54:23.537105";"2023-09-15 22:54:23.537105";"password63";"aaa63";"aaa63@t.com"
"2023-09-15 22:54:23.544336";"2023-09-15 22:54:23.544336";"password64";"aaa64";"aaa64@t.com"
"2023-09-15 22:54:23.551244";"2023-09-15 22:54:23.551244";"password65";"aaa65";"aaa65@t.com"
"2023-09-15 22:54:23.558090";"2023-09-15 22:54:23.558090";"password66";"aaa66";"aaa66@t.com"
"2023-09-15 22:54:23.563981";"2023-09-15 22:54:23.563981";"password67";"aaa67";"aaa67@t.com"
"2023-09-15 22:54:23.570378";"2023-09-15 22:54:23.570378";"password68";"aaa68";"aaa68@t.com"
"2023-09-15 22:54:23.575248";"2023-09-15 22:54:23.575248";"password69";"aaa69";"aaa69@t.com"
"2023-09-15 22:54:23.172285";"2023-09-15 22:54:23.172285";"password6";"aaa6";"aaa6@t.com"
"2023-09-15 22:54:23.581156";"2023-09-15 22:54:23.581156";"password70";"aaa70";"aaa70@t.com"
"2023-09-15 22:54:23.586992";"2023-09-15 22:54:23.586992";"password71";"aaa71";"aaa71@t.com"
"2023-09-15 22:54:23.591927";"2023-09-15 22:54:23.591927";"password72";"aaa72";"aaa72@t.com"
"2023-09-15 22:54:23.598306";"2023-09-15 22:54:23.598306";"password73";"aaa73";"aaa73@t.com"
"2023-09-15 22:54:23.603206";"2023-09-15 22:54:23.603206";"password74";"aaa74";"aaa74@t.com"
"2023-09-15 22:54:23.609127";"2023-09-15 22:54:23.609127";"password75";"aaa75";"aaa75@t.com"
"2023-09-15 22:54:23.615128";"2023-09-15 22:54:23.615128";"password76";"aaa76";"aaa76@t.com"
"2023-09-15 22:54:23.620084";"2023-09-15 22:54:23.620084";"password77";"aaa77";"aaa77@t.com"
"2023-09-15 22:54:23.624958";"2023-09-15 22:54:23.624958";"password78";"aaa78";"aaa78@t.com"
"2023-09-15 22:54:23.630436";"2023-09-15 22:54:23.630436";"password79";"aaa79";"aaa79@t.com"
"2023-09-15 22:54:23.178166";"2023-09-15 22:54:23.178166";"password7";"aaa7";"aaa7@t.com"
"2023-09-15 22:54:23.637249";"2023-09-15 22:54:23.637249";"password80";"aaa80";"aaa80@t.com"
"2023-09-15 22:54:23.644115";"2023-09-15 22:54:23.644115";"password81";"aaa81";"aaa81@t.com"
"2023-09-15 22:54:23.649105";"2023-09-15 22:54:23.649105";"password82";"aaa82";"aaa82@t.com"
"2023-09-15 22:54:23.654947";"2023-09-15 22:54:23.654947";"password83";"aaa83";"aaa83@t.com"
"2023-09-15 22:54:23.661388";"2023-09-15 22:54:23.661388";"password84";"aaa84";"aaa84@t.com"
"2023-09-15 22:54:23.667228";"2023-09-15 22:54:23.667228";"password85";"aaa85";"aaa85@t.com"
"2023-09-15 22:54:23.673134";"2023-09-15 22:54:23.673134";"password86";"aaa86";"aaa86@t.com"
"2023-09-15 22:54:23.679178";"2023-09-15 22:54:23.679178";"password87";"aaa87";"aaa87@t.com"
"2023-09-15 22:54:23.685352";"2023-09-15 22:54:23.685352";"password88";"aaa88";"aaa88@t.com"
"2023-09-15 22:54:23.691711";"2023-09-15 22:54:23.691711";"password89";"aaa89";"aaa89@t.com"
"2023-09-15 22:54:23.183420";"2023-09-15 22:54:23.183420";"password8";"aaa8";"aaa8@t.com"
"2023-09-15 22:54:23.698145";"2023-09-15 22:54:23.698145";"password90";"aaa90";"aaa90@t.com"
"2023-09-15 22:54:23.704214";"2023-09-15 22:54:23.704214";"password91";"aaa91";"aaa91@t.com"
"2023-09-15 22:54:23.709145";"2023-09-15 22:54:23.709145";"password92";"aaa92";"aaa92@t.com"
"2023-09-15 22:54:23.716410";"2023-09-15 22:54:23.716410";"password93";"aaa93";"aaa93@t.com"
"2023-09-15 22:54:23.723288";"2023-09-15 22:54:23.723288";"password94";"aaa94";"aaa94@t.com"
"2023-09-15 22:54:23.730192";"2023-09-15 22:54:23.730192";"password95";"aaa95";"aaa95@t.com"
"2023-09-15 22:54:23.736032";"2023-09-15 22:54:23.736032";"password96";"aaa96";"aaa96@t.com"
"2023-09-15 22:54:23.741951";"2023-09-15 22:54:23.741951";"password97";"aaa97";"aaa97@t.com"
"2023-09-15 22:54:23.746818";"2023-09-15 22:54:23.746818";"password98";"aaa98";"aaa98@t.com"
"2023-09-15 22:54:23.754220";"2023-09-15 22:54:23.754220";"password99";"aaa99";"aaa99@t.com"
"2023-09-15 22:54:23.189349";"2023-09-15 22:54:23.189349";"password9";"aaa9";"aaa9@t.com"
"2023-11-09 17:57:55.439026";"2023-11-09 17:57:55.439026";"createTest1";"Lover";"create1@t.com"
